Venue,City,Matches,Average_First_Innings,Average_Second_Innings,Highest_Total,Lowest_Total,Average_Wickets,Average_Boundaries,Average_Sixes,Average_Dot_Balls,Bat_First_Wins,Chasing_Wins,Bat_First_Win_Percentage,Chasing_Win_Percentage,Powerplay_Average,Middle_Overs_Average,Death_Overs_Average,Average_Run_Rate,Average_Wickets_Per_Match,Spin_Economy,Pace_Economy
Arun Jaitley Stadium,Delhi,14,168.29,155.0,219,115,12.21,26.29,14.14,81.36,0,0,0.0,0.0,51.29,67.36,43.61,8.36,12.21,0.0,0.0
"Arun Jaitley Stadium, Delhi",Delhi,25,199.2,183.04,278,127,11.96,33.8,18.68,75.32,0,0,0.0,0.0,59.5,80.4,51.7,9.71,11.96,0.0,0.0
Barabati Stadium,Cuttack,7,167.71,157.71,231,126,11.29,30.71,9.71,79.71,0,0,0.0,0.0,43.57,69.64,49.5,8.23,11.29,0.0,0.0
"Barsapara Cricket Stadium, Guwahati",Guwahati,8,168.88,157.62,201,127,12.5,29.12,13.75,72.25,0,0,0.0,0.0,58.75,68.12,36.38,9.04,12.5,0.0,0.0
"Bharat Ratna Shri Atal Bihari Vajpayee Ekana Cricket Stadium, Lucknow",Lucknow,24,173.46,165.04,235,121,11.88,28.17,13.04,77.62,0,0,0.0,0.0,51.17,72.04,42.6,8.71,11.88,0.0,0.0
Brabourne Stadium,Mumbai,10,180.4,167.7,212,151,11.9,32.7,10.5,77.4,0,0,0.0,0.0,51.35,71.2,51.5,8.8,11.9,0.0,0.0
"Brabourne Stadium, Mumbai",Mumbai,17,177.41,165.18,217,68,12.41,32.24,13.41,81.65,0,0,0.0,0.0,53.15,73.82,44.32,8.98,12.41,0.0,0.0
Buffalo Park,East London,3,147.33,119.0,178,116,12.67,18.67,9.0,89.0,0,0,0.0,0.0,39.5,54.5,39.17,6.99,12.67,0.0,0.0
De Beers Diamond Oval,Kimberley,3,158.0,141.0,168,140,13.0,20.67,11.33,88.0,0,0,0.0,0.0,40.0,63.0,46.5,7.59,13.0,0.0,0.0
Dr DY Patil Sports Academy,Mumbai,17,146.65,136.29,187,82,12.71,22.94,10.18,93.71,0,0,0.0,0.0,42.32,62.5,36.65,7.49,12.71,0.0,0.0
"Dr DY Patil Sports Academy, Mumbai",Mumbai,20,170.7,157.95,216,128,12.65,26.1,14.25,88.25,0,0,0.0,0.0,45.92,72.92,45.48,8.38,12.65,0.0,0.0
Dr. Y.S. Rajasekhara Reddy ACA-VDCA Cricket Stadium,Visakhapatnam,13,157.46,130.69,206,121,12.54,22.38,11.85,88.15,0,0,0.0,0.0,40.96,62.04,41.08,7.6,12.54,0.0,0.0
"Dr. Y.S. Rajasekhara Reddy ACA-VDCA Cricket Stadium, Visakhapatnam",Visakhapatnam,4,208.75,178.5,272,163,14.5,30.75,22.5,76.0,0,0,0.0,0.0,58.12,93.0,42.5,10.14,14.5,0.0,0.0
Dubai International Cricket Stadium,0,46,163.76,149.09,219,110,11.83,25.85,10.76,83.78,0,0,0.0,0.0,45.89,66.75,44.42,7.99,11.83,0.0,0.0
Eden Gardens,Kolkata,77,160.18,147.06,232,81,11.4,28.25,11.18,84.08,0,0,0.0,0.0,46.27,67.48,39.88,8.12,11.4,0.0,0.0
"Eden Gardens, Kolkata",Kolkata,26,190.69,175.32,261,25,11.62,31.65,18.42,74.04,0,0,0.0,0.0,57.67,74.79,47.17,9.84,11.62,0.0,0.0
Feroz Shah Kotla,Delhi,60,161.63,147.85,231,56,11.62,27.67,10.6,79.27,0,0,0.0,0.0,46.7,67.62,39.19,8.17,11.62,0.0,0.0
Green Park,Kanpur,4,161.25,163.25,195,124,12.25,37.75,9.0,78.0,0,0,0.0,0.0,55.0,71.75,35.5,8.73,12.25,0.0,0.0
Himachal Pradesh Cricket Association Stadium,Dharamsala,9,175.67,146.22,232,120,11.56,33.22,12.0,96.44,0,0,0.0,0.0,40.56,74.06,46.33,8.28,11.56,0.0,0.0
"Himachal Pradesh Cricket Association Stadium, Dharamsala",Dharamsala,6,194.33,181.2,241,122,11.33,30.5,18.33,69.67,0,0,0.0,0.0,52.0,72.67,48.0,9.97,11.33,0.0,0.0
Holkar Cricket Stadium,Indore,9,160.33,158.78,245,88,10.22,24.67,17.22,71.44,0,0,0.0,0.0,51.72,70.39,37.44,9.1,10.22,0.0,0.0
JSCA International Stadium Complex,Ranchi,7,149.0,144.71,185,115,11.57,22.0,10.86,88.57,0,0,0.0,0.0,38.79,66.86,41.21,7.54,11.57,0.0,0.0
Kingsmead,Durban,15,152.0,138.2,211,101,13.4,24.07,8.67,90.93,0,0,0.0,0.0,45.93,58.83,40.33,7.41,13.4,0.0,0.0
M Chinnaswamy Stadium,Bangalore,65,168.06,145.52,263,89,11.43,26.83,13.25,81.42,0,0,0.0,0.0,44.85,68.97,42.05,8.46,11.43,0.0,0.0
"M Chinnaswamy Stadium, Bengaluru",Bengaluru,22,190.41,180.73,287,95,12.68,29.77,20.09,74.14,0,0,0.0,0.0,55.02,83.7,46.84,9.74,12.68,0.0,0.0
M.Chinnaswamy Stadium,Bengaluru,15,173.93,167.87,218,62,11.87,27.27,17.07,75.6,0,0,0.0,0.0,49.43,71.03,50.43,9.09,11.87,0.0,0.0
MA Chidambaram Stadium,Chennai,9,150.56,134.22,202,70,11.11,21.33,11.33,91.78,0,0,0.0,0.0,43.39,58.56,40.44,7.39,11.11,0.0,0.0
"MA Chidambaram Stadium, Chepauk",Chennai,48,166.02,151.85,246,112,11.77,26.1,10.56,83.4,0,0,0.0,0.0,47.31,67.39,44.44,8.03,11.77,0.0,0.0
"MA Chidambaram Stadium, Chepauk, Chennai",Chennai,37,167.59,154.62,217,103,12.78,26.51,11.92,81.38,0,0,0.0,0.0,51.46,67.12,42.73,8.28,12.78,0.0,0.0
"Maharaja Yadavindra Singh International Cricket Stadium, Mullanpur",Mohali,10,163.0,155.4,219,101,14.3,26.1,13.6,78.3,0,0,0.0,0.0,51.0,68.0,40.2,8.55,14.3,0.0,0.0
"Maharaja Yadavindra Singh International Cricket Stadium, New Chandigarh",New Chandigarh,3,203.0,198.67,228,162,11.33,29.0,23.67,71.0,0,0,0.0,0.0,75.33,78.83,46.67,10.18,11.33,0.0,0.0
Maharashtra Cricket Association Stadium,Pune,22,166.41,152.09,211,73,11.73,26.0,12.0,79.77,0,0,0.0,0.0,46.8,67.64,44.82,8.24,11.73,0.0,0.0
"Maharashtra Cricket Association Stadium, Pune",Pune,13,171.46,144.54,210,144,13.46,23.31,15.38,88.77,0,0,0.0,0.0,42.73,70.38,44.88,8.15,13.46,0.0,0.0
"Narendra Modi Stadium, Ahmedabad",Ahmedabad,34,187.32,171.09,243,89,12.15,28.5,17.32,74.35,0,0,0.0,0.0,53.31,79.18,46.72,9.28,12.15,0.0,0.0
Nehru Stadium,Kochi,5,146.8,125.8,161,129,12.4,24.6,7.8,90.0,0,0,0.0,0.0,39.8,63.5,33.0,7.28,12.4,0.0,0.0
New Wanderers Stadium,Johannesburg,8,144.0,142.5,163,123,11.5,23.12,8.0,93.0,0,0,0.0,0.0,41.88,59.44,41.94,7.26,11.5,0.0,0.0
Newlands,Cape Town,7,139.43,112.57,184,101,13.29,20.86,9.0,88.57,0,0,0.0,0.0,42.43,54.29,31.64,7.28,13.29,0.0,0.0
OUTsurance Oval,Bloemfontein,2,135.0,129.5,150,120,12.5,21.0,4.0,102.5,0,0,0.0,0.0,33.5,59.25,39.5,6.56,12.5,0.0,0.0
Punjab Cricket Association IS Bindra Stadium,Chandigarh,10,175.6,172.0,197,150,10.3,29.0,13.2,72.0,0,0,0.0,0.0,51.6,77.4,44.8,8.85,10.3,0.0,0.0
"Punjab Cricket Association IS Bindra Stadium, Mohali",Chandigarh,11,164.09,158.18,207,67,10.45,30.73,7.91,67.64,0,0,0.0,0.0,49.77,69.14,42.23,8.46,10.45,0.0,0.0
"Punjab Cricket Association IS Bindra Stadium, Mohali, Chandigarh",Chandigarh,5,197.8,173.4,257,153,12.0,34.4,15.2,74.4,0,0,0.0,0.0,55.1,84.4,46.1,9.52,12.0,0.0,0.0
"Punjab Cricket Association Stadium, Mohali",Chandigarh,35,163.29,150.63,240,106,11.74,29.71,8.77,80.29,0,0,0.0,0.0,47.1,68.16,41.7,8.2,11.74,0.0,0.0
Rajiv Gandhi International Stadium,Hyderabad,15,162.6,146.13,231,125,12.67,25.2,11.2,83.93,0,0,0.0,0.0,50.57,65.47,38.33,7.93,12.67,0.0,0.0
"Rajiv Gandhi International Stadium, Uppal",Hyderabad,49,156.14,146.98,223,80,11.53,26.2,10.04,83.53,0,0,0.0,0.0,44.42,66.04,41.46,7.92,11.53,0.0,0.0
"Rajiv Gandhi International Stadium, Uppal, Hyderabad",Hyderabad,21,189.05,179.7,286,133,11.29,32.05,16.76,73.38,0,0,0.0,0.0,54.76,79.88,45.45,9.54,11.29,0.0,0.0
"Sardar Patel Stadium, Motera",Ahmedabad,12,163.17,149.0,201,130,12.0,25.5,10.83,80.33,0,0,0.0,0.0,47.83,66.92,42.21,8.02,12.0,0.0,0.0
Saurashtra Cricket Association Stadium,Rajkot,10,168.9,162.7,213,135,10.9,30.6,10.4,72.4,0,0,0.0,0.0,56.15,69.3,41.2,8.65,10.9,0.0,0.0
Sawai Mansingh Stadium,Jaipur,47,157.68,145.81,197,94,11.02,28.7,7.72,83.55,0,0,0.0,0.0,45.04,67.11,39.6,7.91,11.02,0.0,0.0
"Sawai Mansingh Stadium, Jaipur",Jaipur,17,187.24,171.29,219,118,10.12,30.71,15.88,70.47,0,0,0.0,0.0,53.15,79.18,46.94,9.39,10.12,0.0,0.0
Shaheed Veer Narayan Singh International Stadium,Raipur,6,146.33,143.83,164,119,10.0,26.83,7.33,90.5,0,0,0.0,0.0,38.33,62.33,44.42,7.48,10.0,0.0,0.0
Sharjah Cricket Stadium,0,28,159.04,147.5,228,90,11.46,21.18,14.07,83.96,0,0,0.0,0.0,45.54,67.0,40.73,7.95,11.46,0.0,0.0
Sheikh Zayed Stadium,Abu Dhabi,29,158.86,145.62,205,70,11.34,26.97,8.79,81.93,0,0,0.0,0.0,44.14,66.74,41.83,7.9,11.34,0.0,0.0
St George's Park,Port Elizabeth,7,159.0,131.43,187,141,11.0,21.57,8.86,86.43,0,0,0.0,0.0,44.79,60.57,39.86,7.54,11.0,0.0,0.0
Subrata Roy Sahara Stadium,Pune,16,149.44,133.56,187,99,11.44,22.62,8.62,85.75,0,0,0.0,0.0,42.44,59.34,39.72,7.25,11.44,0.0,0.0
SuperSport Park,Centurion,12,154.83,149.58,188,105,11.08,26.5,10.0,87.5,0,0,0.0,0.0,45.25,68.0,38.96,7.91,11.08,0.0,0.0
"Vidarbha Cricket Association Stadium, Jamtha",Nagpur,3,149.33,144.67,159,138,16.0,22.0,8.67,91.67,0,0,0.0,0.0,44.17,67.67,35.17,7.42,16.0,0.0,0.0
Wankhede Stadium,Mumbai,73,166.03,154.38,235,67,12.21,28.7,12.33,86.37,0,0,0.0,0.0,45.73,70.01,44.58,8.27,12.21,0.0,0.0
"Wankhede Stadium, Mumbai",Mumbai,55,179.09,170.24,240,97,11.69,30.13,16.42,81.76,0,0,0.0,0.0,50.32,77.47,46.87,9.05,11.69,0.0,0.0
"Zayed Cricket Stadium, Abu Dhabi",Abu Dhabi,8,159.0,150.38,235,92,11.62,28.5,9.12,77.25,0,0,0.0,0.0,50.5,66.81,37.38,8.17,11.62,0.0,0.0
