Rank,Player_Name,Matches_Played,Average,Strike_Rate,Boundary_Percentage,Batting_Impact_Score,Ranking_Score
1,AD Russell,134,27.95,174.1,78.57,4069.55,83.63
2,CH Gayle,141,39.66,149.34,75.77,7570.17,83.53
3,AB de Villiers,170,39.85,151.89,61.26,7847.45,81.95
4,JC Buttler,123,39.79,149.67,66.84,6520.33,81.6
5,DA Warner,184,40.04,139.66,61.95,9920.33,79.83
6,KL Rahul,140,44.92,136.59,58.77,8087.29,79.77
7,SA Yadav,157,34.24,148.67,65.34,6699.84,79.57
8,V Sehwag,104,27.56,155.44,72.29,4169.72,78.3
9,RR Pant,128,33.98,146.68,64.36,5578.34,78.3
10,MS Dhoni,242,38.3,137.45,56.7,8227.23,77.92
11,N Pooran,92,31.55,165.13,70.92,3585.07,77.83
12,V Kohli,265,39.91,133.48,56.14,13415.24,77.63
13,Shubman Gill,118,39.91,139.05,57.11,6116.02,77.49
14,KA Pollard,181,28.4,147.57,64.82,5229.29,77.31
15,GJ Maxwell,140,23.9,155.12,68.01,4307.56,76.96
16,YBK Jaiswal,71,35.07,153.19,73.36,3601.6,76.58
17,HH Pandya,153,28.11,147.33,62.84,4332.16,76.3
18,SR Watson,145,30.79,137.93,68.25,5888.97,76.28
19,YK Pathan,162,29.29,143.52,62.63,4904.76,76.1
20,DA Miller,138,35.86,138.85,55.89,4803.42,76.04
21,SV Samson,177,31.14,140.09,60.58,7403.54,75.99
22,F du Plessis,147,35.1,135.79,58.75,7227.39,75.81
23,SK Raina,200,32.37,136.83,58.67,8372.41,75.79
24,SS Iyer,136,34.85,135.42,58.71,5974.71,75.41
25,Ishan Kishan,117,29.73,140.22,65.9,4886.61,75.29
26,S Dhawan,221,35.07,127.09,58.95,10217.05,74.89
27,RG Sharma,271,29.81,132.56,62.32,10843.78,74.56
28,Q de Kock,116,31.41,135.23,63.61,5203.61,74.47
29,RD Gaikwad,75,38.28,136.44,59.26,3915.72,73.76
30,N Rana,117,27.1,136.03,66.41,4377.52,73.46
31,SE Marsh,69,39.51,133.03,62.03,3800.02,73.14
32,KD Karthik,234,26.32,135.28,58.43,7332.14,73.0
33,RV Uthappa,197,27.52,130.33,60.88,7496.17,72.87
34,BB McCullum,109,27.71,131.6,67.73,4388.8,72.83
35,Abhishek Sharma,82,27.01,165.67,72.8,3000.34,72.67
36,H Klaasen,50,40.57,165.6,60.21,2638.8,72.19
37,B Sai Sudharsan,44,47.65,146.05,59.39,2932.03,72.19
38,AM Rahane,188,30.67,125.61,55.63,7838.81,72.03
39,SP Narine,192,17.63,166.61,81.72,2807.3,71.7
40,AT Rayudu,187,28.05,127.54,56.9,6585.77,71.6
41,RA Jadeja,251,28.27,130.01,50.66,5069.0,71.23
42,G Gambhir,152,31.01,123.88,55.06,6387.44,71.1
43,Yuvraj Singh,129,24.81,129.78,64.12,4195.89,71.08
44,MA Agarwal,125,23.03,133.79,61.51,4212.89,70.63
45,DR Smith,91,28.39,135.2,70.52,3645.1,70.58
46,WP Saha,145,24.25,127.57,58.15,4464.78,69.61
47,MK Pandey,162,29.27,121.64,52.04,5987.32,69.55
48,PD Salt,39,33.19,174.96,76.99,1879.98,69.13
49,SPD Smith,93,34.65,128.28,50.66,3806.64,68.94
50,TH David,49,36.78,178.6,69.49,1578.8,68.75
51,MP Stoinis,111,28.01,145.04,62.79,3140.02,68.58
52,AC Gilchrist,80,27.22,138.39,72.89,3172.7,68.05
53,PA Patel,137,22.6,120.78,61.59,4332.39,68.02
54,RA Tripathi,98,26.03,137.85,62.24,3505.42,68.01
55,S Dube,81,31.13,144.19,62.62,3013.6,67.98
56,TM Head,42,33.32,168.13,73.14,1983.06,67.85
57,JM Bairstow,52,34.88,146.07,67.86,2584.04,67.06
58,M Vijay,106,25.93,121.87,58.57,3989.44,67.06
59,V Suryavanshi,12,37.67,228.28,87.61,792.14,67.04
60,P Simran Singh,56,29.0,155.2,73.05,2426.6,66.85
61,PP Shaw,79,23.95,147.47,69.66,2911.73,66.44
62,SR Tendulkar,78,33.83,119.82,58.18,3560.91,66.31
63,RM Patidar,43,33.33,161.77,66.47,2080.39,65.93
64,Priyansh Arya,22,30.14,191.07,80.24,1090.03,65.56
65,KS Williamson,77,35.53,125.63,53.1,3260.82,65.42
66,JP Duminy,81,39.78,124.02,48.2,3105.51,65.08
67,SO Hetmyer,82,28.53,151.81,62.83,2343.9,64.61
68,MEK Hussey,58,38.76,122.64,55.84,3026.82,64.42
69,Tilak Varma,56,34.27,144.11,60.18,2385.06,63.99
70,AJ Finch,90,24.9,127.95,63.29,3201.98,63.65
71,T Stubbs,35,43.16,159.84,59.02,1309.92,62.9
72,JH Kallis,98,28.55,109.23,52.9,3695.11,62.44
73,AR Patel,167,21.32,133.64,56.49,2945.32,62.33
74,D Padikkal,78,25.88,129.14,62.03,2976.07,62.31
75,R Shepherd,22,27.88,206.48,78.03,437.74,62.26
76,CA Lynn,42,34.08,140.63,69.53,2063.82,62.23
77,Shashank Singh,38,40.35,158.24,61.96,1289.62,62.1
78,J Fraser-McGurk,15,25.67,199.48,87.27,677.24,62.04
79,R Parag,80,24.91,141.77,62.14,2499.38,61.8
80,R Dravid,82,28.23,115.52,57.22,3318.76,61.69
81,VR Iyer,57,30.55,138.1,63.46,2314.55,61.5
82,DP Conway,28,43.2,139.72,62.22,1689.86,60.98
83,MR Marsh,60,27.06,141.98,67.09,2181.49,60.94
84,A Mhatre,12,34.25,181.06,76.89,707.03,60.64
85,AK Markram,61,30.59,136.24,56.28,2408.12,60.52
86,KH Pandya,147,21.43,131.91,57.03,2701.45,60.31
87,LS Livingstone,49,25.98,156.16,69.11,1675.58,60.26
88,DPMD Jayawardene,78,28.25,123.5,57.52,2773.75,60.03
89,KK Nair,76,23.86,131.73,61.04,2606.86,59.58
90,Dhruv Jurel,40,30.57,158.23,64.02,1363.11,59.15
91,JM Sharma,51,23.93,156.38,68.42,1621.69,59.15
92,ML Hayden,32,35.71,137.34,67.57,1729.17,59.09
93,RK Singh,55,30.18,143.19,61.34,1837.09,59.07
94,C Green,34,36.33,152.91,61.86,1220.95,58.65
95,DJ Bravo,160,22.61,129.57,56.15,2404.78,58.6
96,Naman Dhir,24,27.83,175.17,70.26,839.09,58.24
97,LMP Simmons,29,39.96,126.64,64.87,1681.82,57.5
98,BJ Hodge,63,33.33,125.22,53.29,2162.61,57.39
99,MK Tiwary,86,28.73,116.98,50.97,2600.99,56.88
100,KC Sangakkara,68,25.95,121.19,55.84,2591.1,56.84
101,MM Ali,69,22.02,139.76,67.01,1820.38,56.68
102,KP Pietersen,36,35.75,134.72,60.34,1568.86,56.57
103,R Tewatia,95,23.39,137.08,61.26,1787.54,56.29
104,Mandeep Singh,98,20.8,122.91,54.63,2620.46,56.11
105,HM Amla,16,44.38,141.77,63.43,936.38,56.11
106,S Badrinath,67,30.66,118.89,54.41,2220.95,55.73
107,JA Morkel,90,24.38,141.92,58.87,1533.46,55.58
108,ST Jayasuriya,30,27.43,144.36,74.22,1224.18,55.3
109,Rashid Khan,140,14.16,159.42,69.29,993.21,55.12
110,SS Tiwary,73,28.73,120.1,49.8,2301.05,55.06
111,NV Ojha,94,20.72,118.35,61.65,2390.18,54.96
112,J Overton,7,51.0,156.92,60.78,231.46,54.68
113,A Symonds,36,36.07,129.87,55.65,1525.93,54.56
114,RD Rickelton,19,29.17,152.17,75.81,863.59,54.54
115,A Badoni,53,26.24,138.66,54.83,1683.33,54.31
116,CH Morris,81,22.07,155.28,60.52,1004.64,54.31
117,Urvil Patel,3,22.67,212.5,82.35,208.25,54.23
118,EJG Morgan,75,22.68,122.47,59.17,2170.24,54.19
119,Ashutosh Sharma,19,27.47,164.8,67.96,700.4,54.04
120,V Shankar,69,26.23,129.79,51.91,1914.39,54.02
121,A Raghuvanshi,23,32.25,147.6,62.33,1041.3,53.86
122,SM Curran,64,24.92,136.39,58.78,1563.69,53.86
123,DJ Hussey,61,26.98,122.98,54.46,2044.49,53.81
124,PJ Cummins,72,20.4,152.24,65.69,994.12,53.58
125,DJ Hooda,107,17.61,127.62,51.04,2309.31,53.53
126,M Shahrukh Khan,51,20.75,149.1,66.13,1195.05,53.39
127,Harbhajan Singh,163,15.15,137.91,68.19,1318.46,53.19
128,JP Inglis,11,30.89,162.57,71.94,498.29,53.04
129,V Nigam,17,19.25,179.07,77.92,320.53,53.03
130,D Brevis,17,29.18,152.15,69.76,820.07,52.84
131,JJ Roy,21,32.32,138.6,69.38,990.3,52.79
132,Abishek Porel,29,25.42,149.89,63.84,1066.44,52.67
133,WG Jacks,20,27.24,152.81,70.41,770.9,52.47
134,Abdul Samad,57,18.52,146.85,63.07,1295.92,52.37
135,Aniket Verma,17,23.54,167.21,71.24,542.61,52.35
136,M Vohra,51,22.1,130.64,62.23,1689.82,52.3
137,BCJ Cutting,21,21.64,168.79,73.11,441.4,52.23
138,C Connolly,4,45.33,151.11,69.12,279.56,52.12
139,N Wadhera,34,24.87,140.23,65.15,1189.11,51.85
140,JG Bethell,2,33.5,171.79,80.6,186.4,51.74
141,E Lewis,26,27.25,137.11,70.95,1049.55,51.68
142,Umar Gul,6,13.0,205.26,87.18,161.13,51.66
143,MD Choudhary,5,42.33,149.41,72.44,265.21,51.62
144,KM Jadhav,81,22.37,123.14,53.64,1873.57,51.62
145,MC Henriques,62,27.78,126.9,51.6,1563.45,51.59
146,RR Rossouw,22,23.65,153.57,69.77,786.29,51.42
147,FH Allen,5,16.2,192.86,93.83,217.93,51.36
148,Sameer Rizvi,13,33.8,146.96,68.64,580.48,51.26
149,TM Dilshan,50,26.81,114.5,61.06,1786.75,51.12
150,Vivrant Sharma,2,69.0,146.81,69.57,176.9,51.12
151,SE Rutherford,24,26.26,146.76,67.74,821.88,51.11
152,BA Stokes,45,24.61,133.95,55.19,1469.48,51.01
153,CL White,45,26.97,127.76,54.79,1520.38,50.9
154,Avesh Khan,79,17.0,158.14,76.47,181.07,50.89
155,SC Ganguly,57,25.45,106.81,59.3,2076.9,50.74
156,BKG Mendis,1,20.0,200.0,80.0,130.0,50.73
157,LJ Wright,7,21.2,176.67,77.36,247.33,50.48
158,IK Pathan,102,21.7,121.05,50.43,1785.53,50.43
159,Nithish Kumar Reddy,30,29.0,137.78,59.44,982.39,50.35
160,KR Mayers,13,29.15,144.11,74.93,640.55,50.35
161,SN Khan,41,23.57,137.28,62.23,1129.14,50.33
162,LRPL Taylor,54,25.42,123.72,53.1,1587.36,50.02
163,Kamran Akmal,6,25.6,164.1,78.12,274.05,49.54
164,R Powell,25,21.75,147.46,68.97,726.23,49.23
165,KT Maphaka,4,8.0,400.0,100.0,212.0,49.02
166,K Gowtham,36,13.72,166.89,65.59,453.95,48.81
167,STR Binny,86,19.13,128.84,53.86,1384.42,48.8
168,SB Dubey,11,23.17,163.53,69.06,290.26,48.38
169,KK Cooper,25,12.89,170.59,72.41,259.29,48.37
170,B Stanlake,6,5.0,250.0,80.0,132.5,48.29
171,PR Veer,2,49.0,136.11,69.39,141.56,48.25
172,OA Shah,22,33.73,130.08,54.15,824.04,47.86
173,P Nissanka,4,31.75,153.01,72.44,267.01,47.64
174,Y Venugopal Rao,57,22.39,117.82,53.81,1536.41,47.56
175,LH Ferguson,49,24.0,153.19,55.56,184.6,47.43
176,Akash Deep,14,8.33,178.57,80.0,126.79,47.28
177,TU Deshpande,49,17.67,160.61,60.38,159.8,47.2
178,MJ Lumb,12,23.17,143.3,77.7,488.65,47.19
179,D Wiese,18,29.6,146.53,60.81,295.27,47.19
180,R Ravindra,18,24.29,143.9,61.99,691.45,47.1
181,CR Brathwaite,16,13.92,163.06,75.14,353.03,47.08
182,Ramandeep Singh,24,20.46,153.76,61.65,475.88,47.05
183,JD Ryder,29,21.57,131.88,64.57,971.94,46.95
184,AN Ahmed,17,36.0,138.46,61.11,123.23,46.95
185,Shahid Afridi,10,10.12,176.09,79.01,209.54,46.91
186,HH Gibbs,36,27.69,109.79,58.47,1383.89,46.7
187,JR Hopes,20,26.06,136.27,62.83,693.64,46.67
188,CJ Anderson,30,24.45,127.19,64.31,870.59,46.57
189,MK Lomror,37,18.17,141.29,59.2,861.14,46.56
190,Shakib Al Hasan,71,19.39,124.41,52.58,1254.71,46.44
191,JP Faulkner,60,20.27,135.13,53.51,858.06,46.37
192,C Bosch,4,29.0,161.11,65.52,167.56,46.33
193,Atharva Taide,10,26.0,146.89,64.62,463.45,45.99
194,Bipul Sharma,29,23.38,152.03,52.41,356.52,45.93
195,MN van Wyk,5,55.67,126.52,49.1,313.76,45.83
196,Rahmanullah Gurbaz,18,21.35,134.94,73.83,611.97,45.8
197,AD Mathews,46,23.35,125.91,48.34,1148.96,45.7
198,R Ashwin,217,13.02,118.16,51.62,1308.58,45.63
199,MS Bisla,39,21.0,113.68,63.91,1253.84,45.3
200,PD Collingwood,7,40.6,130.13,56.16,369.56,45.3
201,GC Smith,29,28.42,110.63,58.19,1163.81,45.21
202,L Wood,2,9.0,300.0,66.67,163.5,45.18
203,RN ten Doeschate,24,23.29,138.72,59.51,558.36,45.14
204,Washington Sundar,69,16.92,130.13,53.53,978.56,45.09
205,NLTC Perera,37,19.27,137.22,58.49,704.61,45.08
206,PC Valthaty,23,22.95,120.81,72.08,817.91,45.06
207,GJ Bailey,37,24.56,121.88,52.79,1055.44,45.02
208,SN Thakur,109,11.48,138.75,60.66,568.88,44.89
209,SD Hope,9,22.88,150.0,65.57,349.5,44.62
210,PBB Rajapaksa,13,21.31,145.03,64.26,488.01,44.49
211,JC Archer,57,13.25,143.24,61.89,469.12,44.36
212,Auqib Nabi,1,4.0,200.0,100.0,106.0,44.19
213,RS Sodhi,1,4.0,200.0,100.0,106.0,44.19
214,MJ Guptill,13,22.58,137.56,68.63,475.28,44.19
215,AC Voges,8,45.25,126.57,43.09,334.79,44.09
216,MV Boucher,24,28.14,127.51,52.28,654.75,43.96
217,Arshad Khan,18,23.8,141.67,62.18,249.33,43.84
218,Iqbal Abdulla,48,44.0,104.76,47.73,184.38,43.81
219,A Ashish Reddy,28,18.67,145.08,55.0,492.54,43.8
220,DL Chahar,98,15.38,138.2,58.54,253.6,43.76
221,TL Suman,40,21.12,117.57,55.62,1072.78,43.6
222,AUK Pathan,7,7.8,169.57,82.05,143.28,43.52
223,SA Asnodkar,20,21.15,124.78,67.14,696.89,43.14
224,PN Mankad,6,32.33,132.88,65.98,211.94,43.09
225,SW Billings,27,19.35,129.64,55.67,819.32,42.83
226,ER Dwivedi,2,12.0,171.43,83.33,121.71,42.68
227,RS Bopara,24,29.5,117.22,47.46,855.11,42.65
228,Mohammad Nabi,24,13.0,145.39,65.16,404.2,42.55
229,C de Grandhomme,25,18.94,134.67,59.41,521.83,42.43
230,Gurkeerat Singh,32,21.29,121.09,55.97,827.05,42.39
231,Azhar Mahmood,23,20.42,128.05,60.31,646.03,42.32
232,BJ Rohrer,8,27.57,136.88,59.07,357.94,42.3
233,DJ Mitchell,15,27.0,131.46,49.0,592.23,42.08
234,MS Gony,44,9.9,139.44,72.73,218.22,42.05
235,LA Pomersbach,16,27.45,122.76,58.94,514.38,42.02
236,PP Chawla,192,11.14,110.83,55.13,991.42,42.01
237,Shahbaz Ahmed,54,19.31,120.69,48.21,900.34,41.94
238,MF Maharoof,20,17.7,143.9,57.63,337.45,41.82
239,BJ Haddin,1,18.0,163.64,77.78,108.82,41.82
240,M Morkel,70,11.45,140.0,58.73,259.0,41.69
241,AM Nayar,51,17.68,116.46,50.6,1066.23,41.68
242,S Sohal,20,18.4,126.03,66.3,615.01,41.66
243,SM Katich,11,24.1,129.57,63.07,426.28,41.36
244,Umran Malik,26,11.5,143.75,69.57,106.38,40.88
245,OC McCoy,8,8.0,160.0,75.0,92.0,40.69
246,Shivam Sharma,5,5.0,166.67,80.0,90.83,40.67
247,KMDN Kulasekara,5,5.0,166.67,80.0,90.83,40.67
248,Harpreet Brar,46,20.33,120.2,55.74,426.1,40.39
249,AC Blizzard,7,17.14,133.33,80.0,246.67,40.32
250,LPC Silva,3,20.0,153.85,65.0,136.92,40.31
251,AP Tare,28,14.12,124.18,66.67,570.59,40.28
252,P Negi,46,14.04,126.3,55.89,610.65,40.27
253,Salman Butt,7,27.57,119.88,68.39,349.44,40.12
254,Sikandar Raza,9,26.0,133.82,52.75,339.91,40.04
255,D Pretorius,7,11.0,157.14,68.18,144.57,40.0
256,Misbah-ul-Haq,8,16.71,144.44,64.96,247.72,39.98
257,S Arora,4,14.0,150.0,76.19,138.0,39.84
258,DB Das,22,21.71,116.48,61.84,514.24,39.81
259,SM Pollock,13,18.38,132.43,65.31,286.72,39.69
260,KV Sharma,88,13.54,119.32,51.7,587.66,39.5
261,S Vidyut,8,18.12,133.03,70.34,284.01,39.39
262,AJ Hosein,3,16.0,160.0,62.5,104.0,39.33
263,DJG Sammy,22,19.67,122.41,56.95,503.7,39.25
264,Anuj Rawat,21,19.88,119.1,59.12,536.55,39.12
265,JO Holder,46,12.33,122.75,61.78,449.87,38.99
266,Harmeet Singh,27,4.5,150.0,66.67,102.0,38.92
267,B Lee,38,12.4,127.84,64.52,249.92,38.88
268,R Bhatia,94,11.4,120.42,50.88,573.21,38.82
269,M Manhas,38,22.35,109.36,45.14,825.68,38.8
270,LR Shukla,43,15.0,115.71,56.3,665.36,38.66
271,JD Unadkat,115,12.56,118.93,52.74,360.97,38.62
272,HV Patel,120,8.84,117.6,57.66,469.8,38.54
273,DB Ravi Teja,25,19.74,118.3,51.73,621.65,38.49
274,B Akhil,15,12.67,138.18,65.79,183.09,38.46
275,JEC Franklin,19,29.73,108.64,47.09,544.82,38.41
276,A Manohar,20,15.37,124.26,60.27,500.13,38.26
277,HC Brook,11,21.11,123.38,61.05,346.69,38.02
278,C Munro,13,14.75,125.53,70.06,328.27,37.94
279,KS Bharat,9,28.43,122.09,48.24,359.54,37.84
280,J Botha,34,20.45,113.93,45.48,670.46,37.83
281,SP Fleming,10,21.78,118.79,64.29,353.39,37.74
282,AD Hales,6,24.67,125.42,59.46,284.71,37.68
283,MA Wood,5,6.0,150.0,83.33,93.0,37.61
284,DH Yagnik,17,17.0,124.09,61.18,317.04,37.52
285,MJ McClenaghan,56,6.54,121.43,72.94,188.21,37.48
286,DT Christian,49,14.84,115.58,44.78,747.79,37.26
287,K Rabada,88,13.22,109.68,56.3,411.84,37.18
288,AL Menaria,25,19.1,112.64,50.87,657.82,37.11
289,R Dhawan,37,19.09,112.3,54.29,371.15,37.04
290,Azmatullah Omarzai,15,12.38,133.78,62.63,215.39,37.02
291,AP Dole,3,17.0,154.55,52.94,128.27,36.94
292,P Sahu,5,19.0,146.15,52.63,101.58,36.92
293,P Kumar,119,8.95,108.28,55.88,564.14,36.85
294,KJ Abbott,5,13.0,162.5,46.15,100.75,36.71
295,Ankit Sharma,21,12.43,129.85,59.77,195.43,36.47
296,Shivang Kumar,4,4.5,150.0,88.89,88.5,36.46
297,MG Bracewell,5,29.0,123.4,51.72,148.7,36.29
298,UT Khawaja,6,21.17,127.0,58.27,254.0,36.2
299,AB McDonald,10,24.6,123.0,48.78,246.0,36.19
300,YV Takawale,10,24.0,107.87,63.54,341.93,36.14
301,R Vinay Kumar,104,11.07,113.14,44.52,521.57,35.95
302,B Chipli,21,18.67,111.55,55.0,475.78,35.93
303,AB Agarkar,42,17.9,116.23,45.81,326.62,35.88
304,I Malhotra,1,7.0,175.0,57.14,98.0,35.85
305,UT Yadav,147,9.9,103.48,56.73,363.74,35.79
306,CA Pujara,22,20.53,99.74,57.44,634.87,35.74
307,TK Curran,13,25.4,118.69,45.67,249.85,35.74
308,D Salunkhe,5,16.5,137.5,60.61,118.25,35.72
309,MW Short,7,17.0,120.2,70.59,238.6,35.71
310,DJ Harris,4,27.75,109.9,66.67,221.45,35.7
311,VRV Singh,18,2.0,133.33,100.0,72.67,35.67
312,S Narwal,7,12.33,137.04,64.86,124.02,35.6
313,AS Raut,17,21.56,116.17,48.45,349.08,35.5
314,Anmolpreet Singh,9,15.44,120.87,67.63,268.93,35.49
315,Sunny Singh,5,10.75,138.71,69.77,133.85,35.48
316,J Suchith,21,17.5,114.75,60.0,162.38,35.2
317,MD Mishra,17,14.81,113.94,60.76,412.47,35.02
318,S Anirudha,13,17.0,120.35,57.35,264.18,35.0
319,M Markande,40,16.0,114.29,54.17,129.14,34.97
320,Yudhvir Singh,9,5.5,137.5,72.73,101.75,34.93
321,R Sathish,28,15.88,116.88,45.93,463.44,34.93
322,PVD Chameera,19,13.25,126.19,56.6,142.6,34.86
323,SB Jakati,58,28.0,96.55,42.86,90.28,34.75
324,PHKD Mendis,5,23.0,133.33,43.48,204.67,34.75
325,Y Nagar,20,20.36,110.04,47.02,482.52,34.7
326,CA Ingram,15,17.08,113.89,57.56,364.44,34.7
327,D Ferreira,5,15.8,129.51,63.29,183.25,34.66
328,MJ Santner,33,17.0,110.57,52.94,259.28,34.61
329,A Flintoff,3,31.0,116.98,51.61,151.49,34.6
330,A Kamboj,16,21.0,116.67,52.38,121.33,34.6
331,GD Phillips,11,11.89,125.88,63.55,223.44,34.59
332,CM Gautam,13,16.9,112.67,61.54,309.83,34.42
333,TR Birt,5,15.0,129.31,64.0,177.16,34.4
334,Lalit Yadav,25,19.06,105.17,49.18,510.09,34.34
335,AJ Tye,30,10.11,119.74,59.34,196.37,34.33
336,Harsh Dubey,8,6.5,144.44,61.54,91.72,34.32
337,A Mithun,16,6.8,130.77,64.71,116.38,34.14
338,RD Chahar,79,8.06,104.03,63.57,245.52,34.01
339,RE van der Merwe,21,14.45,112.77,57.86,294.88,33.96
340,Sachin Baby,13,16.0,122.03,51.39,277.02,33.91
341,BB Samantray,8,25.0,110.62,51.2,242.81,33.64
342,RE Levi,6,13.83,113.7,77.11,181.35,33.6
343,Sediqullah Atal,1,22.0,137.5,54.55,101.75,33.57
344,I Udana,10,5.0,136.36,66.67,90.68,33.56
345,VVS Laxman,20,14.84,105.62,57.45,475.81,33.49
346,DJM Short,7,16.43,116.16,64.35,230.58,33.43
347,NM Coulter-Nile,38,7.45,113.89,63.41,179.94,33.36
348,N Jagadeesan,10,18.0,110.2,59.26,298.1,33.16
349,UBT Chand,20,15.0,100.0,60.67,500.0,33.13
350,Niraj Patel,6,30.25,101.68,51.24,232.34,33.11
351,OF Smith,6,17.0,115.91,66.67,134.45,33.09
352,S Gopal,51,12.86,106.51,48.89,323.25,32.94
353,Arjun Tendulkar,5,13.0,144.44,46.15,91.72,32.89
354,GF Linde,2,11.5,135.29,69.57,102.15,32.88
355,AU Rashid,3,11.0,137.5,63.64,101.75,32.84
356,JPR Scantlebury-Searles,3,8.0,133.33,75.0,78.67,32.76
357,RR Powar,26,22.33,104.69,44.78,152.84,32.7
358,A Mishra,162,11.91,90.93,40.42,616.97,32.7
359,LA Carseldine,5,20.25,119.12,54.32,181.06,32.58
360,A Choudhary,5,25.0,125.0,40.0,100.0,32.54
361,B Kumar,195,8.66,91.9,44.38,539.45,32.41
362,PK Garg,19,15.17,113.28,43.22,466.14,32.36
363,M Jansen,39,12.5,107.91,49.33,278.96,32.16
364,Mohammed Siraj,112,11.2,91.06,57.14,213.53,32.14
365,MG Johnson,54,12.85,101.83,49.1,301.41,32.02
366,Harshit Rana,32,9.83,105.36,64.41,141.18,32.02
367,AS Yadav,6,9.8,125.64,65.31,136.32,31.99
368,TG Southee,54,9.23,112.15,46.67,236.07,31.88
369,HR Shokeen,13,22.0,101.54,54.55,149.77,31.87
370,S Rana,8,22.75,112.35,46.15,192.67,31.86
371,DL Vettori,34,15.12,107.08,46.28,235.04,31.82
372,P Chopra,1,8.0,133.33,100.0,78.67,31.74
373,KA Jamieson,13,16.25,108.33,58.46,151.67,31.73
374,FY Fazal,12,18.3,105.78,51.37,327.39,31.53
375,SS Prabhudessai,10,12.6,118.87,53.97,248.43,31.52
376,AA Jhunjhunwala,19,16.69,103.33,48.85,377.17,31.42
377,TA Boult,122,8.6,103.61,44.19,180.81,31.33
378,SK Rasheed,5,14.2,112.7,67.61,162.85,31.21
379,RR Raje,10,20.0,111.11,50.0,85.56,31.15
380,M Kaif,22,14.39,103.6,47.88,440.3,31.14
381,DW Steyn,95,7.59,104.38,44.31,302.69,31.14
382,Sohail Tanvir,11,12.0,124.14,50.0,116.07,31.09
383,S Aravind,38,14.75,103.51,47.46,140.25,30.89
384,SP Goswami,21,14.65,99.32,49.83,489.16,30.88
385,Gulbadin Naib,2,19.0,126.67,52.63,91.83,30.85
386,Basil Thampi,25,32.0,91.43,31.25,93.71,30.81
387,R Sai Kishore,25,4.5,112.5,66.67,83.25,30.78
388,Aman Hakim Khan,10,12.78,110.58,59.13,227.79,30.71
389,JL Pattinson,10,15.0,115.38,53.33,80.19,30.63
390,XC Bartlett,9,22.0,110.0,45.45,88.0,30.61
391,W Jaffer,8,16.25,107.44,56.92,248.72,30.59
392,Swapnil Singh,14,10.2,113.33,58.82,133.17,30.51
393,Mohammed Shami,124,5.76,98.0,51.02,196.0,30.44
394,MS Wade,14,13.07,103.39,56.83,326.19,30.36
395,J Syed Mohammad,11,14.5,111.54,55.17,99.27,30.33
396,BR Dunk,3,13.33,114.29,70.0,117.14,30.22
397,SL Malinga,122,5.5,88.89,61.36,176.44,30.22
398,AP Majumdar,4,21.75,114.47,45.98,187.74,30.17
399,M Kartik,55,16.14,104.63,30.09,221.81,29.94
400,SA Abbott,3,7.33,122.22,72.73,94.11,29.85
401,SD Chitnis,9,14.14,111.24,52.53,204.12,29.74
402,K Upadhyay,3,12.0,133.33,50.0,84.67,29.71
403,K Goel,17,14.53,94.37,55.96,374.19,29.7
404,Y Gnaneswara Rao,2,19.0,111.76,63.16,84.38,29.67
405,DE Bollinger,27,21.0,91.3,47.62,77.15,29.57
406,Kuldeep Yadav,102,12.12,85.83,43.69,351.92,29.46
407,AS Joseph,22,27.0,84.38,44.44,82.69,29.41
408,DJ Willey,11,26.5,85.48,52.83,122.24,29.4
409,RJ Quiney,7,14.71,100.98,64.08,204.99,29.37
410,Sanvir Singh,5,12.5,119.05,56.0,97.02,29.28
411,DS Kulkarni,92,11.56,96.3,38.46,204.15,29.27
412,MM Sharma,120,6.94,91.91,48.0,233.46,29.21
413,JJ Bumrah,150,10.43,90.12,41.1,154.56,29.1
414,MP Breetzke,1,14.0,116.67,71.43,79.33,29.07
415,CR Woakes,21,13.0,101.3,51.28,167.65,28.99
416,Joginder Sharma,16,9.0,120.0,44.44,114.0,28.96
417,AA Chavan,13,6.0,109.09,66.67,72.55,28.86
418,AB Barath,3,21.0,100.0,61.9,113.0,28.77
419,Arshad Khan (2),1,5.0,125.0,80.0,70.0,28.75
420,Imran Tahir,59,8.25,89.19,60.61,94.09,28.72
421,SK Warne,55,9.9,92.52,46.46,343.26,28.71
422,B Sumanth,4,35.0,94.59,34.29,99.8,28.62
423,R Bishnoi,3,6.33,111.76,84.21,84.38,28.57
424,JR Philippe,5,19.5,101.3,53.85,167.65,28.4
425,SB Styris,12,18.71,98.5,44.27,245.75,28.36
426,Harpreet Singh,8,17.57,103.36,47.15,236.18,28.36
427,SD Lad,1,15.0,115.38,66.67,80.19,28.31
428,PA Reddy,11,16.4,102.5,43.9,297.25,28.28
429,DJ Jacobs,7,13.14,93.88,69.57,184.94,28.18
430,R McLaren,18,19.88,92.98,38.99,284.99,27.99
431,RV Patel,7,16.0,109.59,45.0,174.79,27.92
432,S Sreesanth,44,8.5,61.82,70.59,81.91,27.89
433,I Sharma,117,9.5,82.61,49.12,126.8,27.8
434,MM Patel,63,6.5,95.12,51.28,106.06,27.76
435,JDP Oram,15,13.25,98.15,50.94,208.07,27.71
436,VH Zol,2,14.5,111.54,62.07,99.27,27.71
437,Vijaykumar Vyshak,20,7.0,116.67,42.86,79.33,27.56
438,L Ronchi,5,6.8,100.0,88.24,101.0,27.56
439,A Nortje,49,7.0,98.0,48.98,122.5,27.53
440,MJ Clarke,6,16.33,104.26,48.98,199.13,27.46
441,Mukesh Choudhary,16,6.0,100.0,66.67,59.0,27.43
442,RJ Harris,37,9.75,104.46,35.9,227.73,27.37
443,KC Cariappa,11,8.0,114.29,50.0,93.14,27.3
444,Z Khan,99,8.36,82.98,47.86,216.99,27.26
445,MDKJ Perera,2,7.0,107.69,85.71,74.85,27.12
446,AA Kulkarni,2,4.5,112.5,88.89,69.75,27.09
447,AC Thomas,15,10.0,105.26,50.0,82.63,26.97
448,Mohsin Khan,24,6.25,100.0,56.0,87.5,26.79
449,BA Bhatt,15,6.0,85.71,100.0,51.86,26.74
450,PR Shah,10,11.5,101.1,52.17,188.55,26.68
451,MA Starc,51,10.09,93.28,39.64,213.14,26.68
452,J Arunkumar,3,7.67,100.0,86.96,84.5,26.66
453,CJ Jordan,34,8.1,105.19,37.04,174.1,26.53
454,N Saini,10,14.0,99.29,45.71,259.65,26.52
455,MN Samuels,15,12.38,93.6,48.45,288.3,26.43
456,TL Seifert,3,8.67,113.04,61.54,95.52,26.38
457,NL McCullum,2,26.0,118.18,23.08,98.09,26.37
458,J Yadav,20,10.0,111.11,35.0,115.56,26.34
459,MA Khote,3,12.0,109.09,58.33,90.55,26.26
460,T Kohler-Cadmore,3,16.0,88.89,70.83,116.44,26.15
461,RJ Peterson,5,10.67,106.67,56.25,101.33,26.04
462,R Sharma,44,4.71,88.0,57.58,143.0,25.97
463,RV Gomez,13,10.0,98.04,52.0,124.02,25.71
464,GH Vihari,23,14.2,88.47,34.51,470.24,25.71
465,MC Juneja,7,17.86,97.66,40.0,236.33,25.61
466,DM Bravo,1,6.0,120.0,66.67,69.0,25.61
467,Saurav Chauhan,3,6.0,120.0,55.56,87.0,25.59
468,VS Malik,13,7.0,100.0,57.14,60.5,25.51
469,R Rampaul,12,10.2,102.0,47.06,127.5,25.5
470,Shivam Mavi,32,5.67,91.07,54.9,122.04,25.48
471,G Coetzee,14,5.17,93.94,64.52,93.47,25.29
472,Rasikh Salam,15,8.0,100.0,50.0,110.0,25.24
473,NJ Maddinson,3,6.67,95.24,80.0,77.62,25.23
474,JJ van der Wath,3,9.0,112.5,55.56,83.25,25.21
475,M Klinger,4,18.25,94.81,49.32,156.9,25.12
476,Shoaib Malik,6,13.0,110.64,38.46,133.32,25.09
477,WPUJC Vaas,13,10.12,110.96,32.1,176.98,25.04
478,Kartik Sharma,3,8.33,119.05,48.0,97.02,24.97
479,Arshdeep Singh,86,5.17,67.39,51.61,80.2,24.85
480,M Ntini,9,11.0,61.11,72.73,47.06,24.83
481,SP Jackson,8,10.17,107.02,42.62,145.01,24.77
482,DAJ Bracewell,1,12.0,133.33,33.33,84.67,24.62
483,GD McGrath,14,4.0,80.0,100.0,46.0,24.53
484,DNT Zoysa,3,11.0,122.22,36.36,77.61,24.4
485,AG Paunikar,5,9.8,84.48,73.47,115.74,24.39
486,DJ Malan,1,26.0,100.0,38.46,89.0,24.27
487,DR Sams,16,4.89,100.0,50.0,116.0,24.2
488,JDS Neesham,14,10.22,98.92,39.13,187.46,24.14
489,T Taibu,3,10.33,119.23,38.71,106.12,24.12
490,RR Sarwan,4,18.25,97.33,41.1,158.17,24.11
491,Naveen-ul-Haq,17,18.0,72.0,44.44,63.0,24.08
492,JM Kemp,5,13.0,108.33,38.46,93.17,23.94
493,MD Shanaka,3,13.0,100.0,53.85,89.0,23.91
494,Vishnu Vinod,6,9.33,98.25,53.57,133.12,23.88
495,Anirudh Singh,4,15.75,95.45,47.62,142.23,23.85
496,A Nehra,88,5.86,66.13,43.9,94.56,23.83
497,DS Lehmann,2,9.0,100.0,66.67,77.0,23.83
498,PWH de Silva,37,5.4,92.05,41.98,167.52,23.83
499,Sandeep Sharma,141,10.0,80.0,26.67,130.0,23.79
500,CK Langeveldt,7,4.0,88.89,75.0,56.44,23.73
501,F Behardien,3,7.0,107.69,57.14,74.85,23.65
502,C Madan,1,15.0,78.95,80.0,61.97,23.33
503,SK Trivedi,76,6.0,71.19,42.86,98.59,23.31
504,KB Arun Karthik,8,10.2,100.0,43.14,126.5,23.3
505,VR Aaron,50,10.0,69.44,40.0,109.72,23.27
506,NA Saini,28,10.33,88.57,38.71,90.79,23.24
507,Mustafizur Rahman,60,6.5,54.17,46.15,46.58,23.16
508,KW Richardson,15,12.0,92.31,38.89,100.15,23.1
509,Liton Das,1,4.0,100.0,100.0,56.0,23.06
510,Mujeeb Ur Rahman,20,4.0,80.0,66.67,58.0,23.06
511,Ravi Bishnoi,81,4.09,67.16,44.44,101.08,23.03
512,AD Mascarenhas,13,8.78,101.28,32.91,169.14,22.59
513,P Dogra,12,11.55,92.03,36.22,236.51,22.58
514,Sumit Kumar,3,9.0,75.0,77.78,64.5,22.49
515,JR Hazlewood,41,19.0,65.52,21.05,61.26,22.48
516,Mohammad Hafeez,8,9.14,77.11,62.5,134.55,22.39
517,R Shukla,7,19.0,82.61,42.11,69.8,22.34
518,AS Roy,15,5.4,96.43,44.44,88.71,22.29
519,A Kumble,42,11.67,74.47,34.29,89.73,22.27
520,AD Nath,10,9.0,91.84,44.44,180.92,22.26
521,AS Rajpoot,29,5.2,63.41,53.85,70.71,22.22
522,Ankit Soni,6,3.5,77.78,85.71,49.39,22.2
523,SW Tait,21,7.67,88.46,43.48,78.73,22.19
524,Kumar Kushagra,4,5.25,100.0,57.14,81.5,22.02
525,TS Mills,10,2.0,57.14,75.0,40.57,21.89
526,DG Nalkande,6,6.0,100.0,50.0,68.0,21.85
527,L Balaji,73,4.5,73.47,38.89,90.73,21.81
528,C Sakariya,20,3.33,64.52,60.0,62.26,21.56
529,CJ Ferguson,8,16.33,83.76,36.73,188.88,21.54
530,KAJ Roach,2,10.0,111.11,40.0,70.56,21.51
531,Tanush Kotian,1,24.0,77.42,50.0,74.71,21.38
532,Noor Ahmad,42,2.9,55.77,48.28,71.38,21.28
533,P Dubey,5,23.0,69.7,34.78,69.35,21.2
534,CV Varun,86,5.2,54.17,30.77,66.08,20.87
535,AT Carey,3,16.0,110.34,18.75,103.17,20.77
536,Kartik Tyagi,24,3.6,85.71,44.44,69.86,20.48
537,DJ Thornely,5,13.0,73.58,51.28,95.29,20.45
538,M Ashwin,44,3.89,70.0,40.0,87.5,20.34
539,Anureet Singh,22,9.0,76.6,38.89,92.3,20.31
540,WD Parnell,33,6.5,81.25,33.85,138.12,20.0
541,CRD Fernando,10,4.0,133.33,0.0,72.67,19.93
542,M Rawat,12,11.0,79.71,40.0,122.36,19.88
543,S Chanderpaul,3,8.33,80.65,64.0,77.82,19.85
544,GB Hogg,21,7.33,100.0,18.18,83.0,19.74
545,V Viyaskanth,3,7.0,140.0,0.0,80.5,19.7
546,A Chopra,6,8.83,74.65,52.83,116.82,19.64
547,T Banton,2,9.0,90.0,55.56,72.0,19.64
548,SB Bangar,10,7.0,84.48,44.9,115.74,19.62
549,RP Singh,82,3.47,68.42,26.92,112.21,19.6
550,M Theekshana,38,5.67,50.0,35.29,50.5,19.55
551,AB Dinda,76,2.6,54.17,30.77,66.08,19.49
552,SH Johnson,9,8.0,72.73,50.0,48.36,19.38
553,AG Murtaza,12,10.0,71.43,40.0,50.71,19.06
554,MJ Henry,9,3.5,70.0,57.14,45.5,18.9
555,IR Jaggi,7,15.2,78.35,31.58,153.18,18.8
556,A Tomar,1,4.0,50.0,100.0,31.0,18.75
557,AJ Turner,6,4.8,85.71,50.0,78.86,18.46
558,KMA Paul,8,3.6,75.0,55.56,64.5,18.46
559,S Sriram,2,15.5,86.11,38.71,89.56,18.37
560,SS Shaikh,1,6.0,85.71,66.67,51.86,18.36
561,RT Ponting,9,10.11,71.09,35.16,172.05,18.17
562,HE van der Dussen,3,11.0,91.67,36.36,78.83,18.04
563,PV Tambe,33,9.0,46.15,22.22,50.08,18.04
564,AA Bilakhia,7,13.8,81.18,28.99,144.09,17.94
565,Karanveer Singh,9,12.0,70.59,33.33,53.29,17.88
566,Yashpal Singh,4,11.75,71.21,42.55,106.11,17.86
567,P Ray Barman,1,19.0,79.17,42.11,68.08,17.86
568,AR Bawne,1,12.0,100.0,33.33,68.0,17.58
569,S Nadeem,71,2.79,44.83,20.51,80.91,17.54
570,S Kaul,55,5.0,55.56,20.0,57.78,17.48
571,RA Bawa,3,9.5,105.56,21.05,81.28,17.48
572,M Muralitharan,66,3.33,66.67,20.0,63.33,17.35
573,J Theron,10,5.0,83.33,40.0,56.67,17.31
574,YS Chahal,176,5.29,43.02,0.0,77.01,17.22
575,AN Ghosh,2,3.5,87.5,57.14,54.25,17.11
576,T Kohli,4,3.67,57.89,54.55,45.45,16.52
577,NT Ellis,17,4.75,76.0,31.58,66.5,16.39
578,AA Noffke,1,9.0,90.0,44.44,58.5,16.32
579,Parvez Rasool,11,8.5,85.0,23.53,68.0,16.29
580,GR Napier,1,15.0,93.75,26.67,69.38,16.24
581,DT Patil,2,6.5,100.0,30.77,69.5,16.06
582,JA Richardson,4,5.67,65.38,47.06,58.19,15.99
583,T Henderson,2,5.5,68.75,54.55,50.88,15.84
584,K Kartikeya,16,3.0,70.59,33.33,53.29,15.78
585,UA Birla,1,7.0,50.0,57.14,35.5,15.69
586,A Zampa,22,3.0,62.5,26.67,53.75,15.39
587,PJ Sangwan,42,3.25,59.09,15.38,68.55,15.23
588,JE Root,2,10.0,66.67,40.0,48.33,14.9
589,DR Shorey,2,6.5,76.47,46.15,57.74,14.7
590,PWA Mulder,1,9.0,81.82,44.44,54.41,14.6
591,Mukesh Kumar,36,10.0,55.56,0.0,42.78,14.47
592,AF Milne,10,5.75,79.31,26.09,74.16,14.42
593,B Indrajith,3,7.0,70.0,38.1,66.5,14.26
594,DA Payne,2,6.0,120.0,0.0,69.0,14.25
595,SJ Srivastava,14,5.0,100.0,0.0,57.5,14.17
596,WA Mota,10,9.33,74.67,14.29,121.33,13.92
597,DR Martyn,1,19.0,79.17,21.05,68.08,13.91
598,T Natarajan,67,4.0,57.14,0.0,34.57,13.74
599,FA Allen,5,7.0,73.68,28.57,57.84,13.57
600,PP Ojha,90,1.33,35.56,0.0,41.78,13.54
601,M Prasidh Krishna,70,3.0,37.5,0.0,32.25,13.45
602,BB Sran,24,10.0,71.43,0.0,50.71,13.41
603,KL Nagarkoti,12,5.5,66.67,18.18,66.33,13.26
604,NS Naik,4,7.75,62.0,25.81,77.5,12.95
605,A Mukund,2,9.5,86.36,21.05,71.68,12.61
606,KK Ahmed,76,0.4,22.22,0.0,14.11,12.53
607,Akash Madhwal,17,8.0,57.14,0.0,40.57,11.62
608,VY Mahesh,17,7.5,55.56,0.0,50.28,11.47
609,VG Arora,36,2.5,38.46,0.0,34.23,11.42
610,Virat Singh,2,7.5,57.69,26.67,51.35,11.41
611,Yash Dayal,43,1.33,44.44,0.0,28.22,11.4
612,DP Vijaykumar,9,1.0,100.0,0.0,51.5,11.39
613,DP Nannes,29,4.0,30.77,0.0,21.38,11.35
614,P Awana,33,2.5,35.71,0.0,25.36,11.13
615,YV Dhull,3,5.33,69.57,25.0,58.78,11.09
616,KS Sharma,3,5.33,64.0,25.0,56.0,11.07
617,JP Behrendorff,17,6.0,66.67,0.0,42.33,10.83
618,JE Taylor,5,3.0,100.0,0.0,54.5,10.76
619,SMSM Senanayake,8,10.0,58.82,0.0,44.41,10.48
620,Navdeep Saini,5,2.0,100.0,0.0,53.0,10.35
621,L Ngidi,20,3.0,42.86,0.0,25.93,9.97
622,Pankaj Singh,17,3.5,58.33,0.0,39.67,9.81
623,Jaskaran Singh,8,8.0,72.73,0.0,48.36,9.7
624,Fazalhaq Farooqi,12,5.0,33.33,0.0,24.17,9.4
625,Simarjeet Singh,14,3.33,66.67,0.0,48.33,9.28
626,A Singh,23,0.5,20.0,0.0,13.0,9.27
627,Prince Yadav,11,5.0,50.0,0.0,32.5,9.22
628,RJ Gleeson,3,2.0,100.0,0.0,53.0,9.2
629,S Tyagi,14,3.0,75.0,0.0,42.0,9.11
630,IC Pandey,24,0.0,0.0,0.0,0.0,9.1
631,A Chandila,12,4.0,57.14,0.0,34.57,9.06
632,DS Rathi,17,1.0,16.67,0.0,9.83,8.63
633,S Badree,12,2.6,56.52,0.0,47.76,8.58
634,BMAJ Mendis,3,7.67,85.19,0.0,77.09,8.53
635,KP Appanna,13,2.0,50.0,0.0,28.0,8.43
636,VS Yeligati,2,2.0,100.0,0.0,53.0,8.39
637,RG More,2,2.0,100.0,0.0,53.0,8.39
638,RP Meredith,18,0.0,0.0,0.0,0.0,8.33
639,T Thushara,6,6.0,66.67,0.0,51.33,8.21
640,N Burger,10,3.0,60.0,0.0,34.5,8.19
641,SZ Mulani,2,1.0,100.0,0.0,51.5,7.98
642,PVSN Raju,2,1.0,100.0,0.0,51.5,7.98
643,Kamran Khan,9,3.0,60.0,0.0,34.5,7.92
644,IS Sodhi,8,3.5,41.18,0.0,31.09,7.8
645,SM Harwood,3,9.0,64.29,0.0,45.64,7.79
646,B Laughlin,9,2.5,38.46,0.0,26.73,7.67
647,BAW Mendis,10,1.5,50.0,0.0,29.5,7.56
648,D du Preez,2,10.0,76.92,0.0,53.46,7.43
649,TM Srivastava,3,8.0,72.73,0.0,48.36,7.41
650,FH Edwards,6,4.0,80.0,0.0,46.0,7.38
651,KR Sen,12,0.0,0.0,0.0,0.0,7.25
652,Mashrafe Mortaza,1,2.0,100.0,0.0,53.0,7.24
653,S Randiv,8,2.0,50.0,0.0,28.0,7.18
654,CK Kapugedera,4,5.33,69.57,0.0,58.78,7.03
655,YA Abdulla,11,0.0,0.0,0.0,0.0,7.03
656,Mohammad Asif,8,1.5,50.0,0.0,29.5,6.99
657,RJW Topley,6,3.0,50.0,0.0,29.5,6.88
658,Abdul Basith,1,1.0,100.0,0.0,51.5,6.83
659,NJ Rimmington,1,1.0,100.0,0.0,51.5,6.83
660,SB Wagh,8,1.0,66.67,0.0,36.33,6.83
661,S Kaushik,10,0.0,0.0,0.0,0.0,6.78
662,SE Bond,8,1.0,50.0,0.0,26.5,6.77
663,P Parameswaran,8,1.0,50.0,0.0,26.5,6.77
664,HF Gurney,8,1.0,20.0,0.0,11.5,6.68
665,CJ McKay,2,8.0,53.33,0.0,38.67,6.54
666,S Lamichhane,9,0.0,0.0,0.0,0.0,6.51
667,V Pratap Singh,9,0.0,0.0,0.0,0.0,6.51
668,S Ladda,9,0.0,0.0,0.0,0.0,6.51
669,LE Plunkett,7,1.0,33.33,0.0,18.17,6.39
670,BE Hendricks,7,1.0,33.33,0.0,18.17,6.39
671,GC Viljoen,6,1.5,42.86,0.0,25.93,6.26
672,X Thalaivan Sargunam,1,10.0,58.82,0.0,44.41,6.23
673,Mayank Dagar,8,0.0,0.0,0.0,0.0,6.21
674,Shoaib Ahmed,7,0.5,16.67,0.0,9.83,6.14
675,T Shamsi,5,2.0,50.0,0.0,28.0,6.03
676,GHS Garton,5,2.0,50.0,0.0,28.0,6.03
677,DJ Muthuswami,6,1.0,33.33,0.0,18.17,6.01
678,SB Joshi,4,3.0,42.86,0.0,30.43,5.93
679,KM Asif,7,0.0,0.0,0.0,0.0,5.88
680,RK Bhui,4,2.5,38.46,0.0,34.23,5.76
681,M de Lange,5,1.0,50.0,0.0,26.5,5.63
682,SS Cottrell,6,0.0,0.0,0.0,0.0,5.5
683,TD Paine,2,5.0,38.46,0.0,34.23,5.31
684,D Kalyankrishna,3,3.0,37.5,0.0,23.25,5.26
685,Suryansh Shedge,3,2.33,63.64,0.0,42.32,5.11
686,A Uniyal,2,4.0,57.14,0.0,34.57,4.91
687,Shoaib Akhtar,3,2.0,28.57,0.0,17.29,4.82
688,PSP Handscomb,1,6.0,50.0,0.0,34.0,4.56
689,M Tiwari,2,3.0,75.0,0.0,42.0,4.56
690,ND Doshi,4,0.0,0.0,0.0,0.0,4.55
691,Ashok Sharma,4,0.0,0.0,0.0,0.0,4.55
692,R Ninan,2,3.0,50.0,0.0,29.5,4.48
693,R Minz,2,3.0,40.0,0.0,29.0,4.48
694,RS Gavaskar,2,2.0,25.0,0.0,15.5,4.0
695,C Nanda,3,0.0,0.0,0.0,0.0,3.92
696,K Yadav,3,0.0,0.0,0.0,0.0,3.92
697,L Ablish,3,0.0,0.0,0.0,0.0,3.92
698,A Dananjaya,1,4.0,80.0,0.0,46.0,3.83
699,LB Williams,2,1.0,50.0,0.0,26.5,3.67
700,PM Sarvesh Kumar,2,1.0,50.0,0.0,26.5,3.67
701,KA Maharaj,2,1.0,50.0,0.0,26.5,3.67
702,Younis Khan,1,3.0,42.86,0.0,25.93,3.31
703,Y Prithvi Raj,2,0.0,0.0,0.0,0.0,3.11
704,Shivam Singh,1,2.0,66.67,0.0,36.33,2.98
705,BR Sharath,1,2.0,40.0,0.0,23.0,2.9
706,H Das,1,2.0,40.0,0.0,23.0,2.9
707,Mohammad Ashraful,1,2.0,20.0,0.0,13.0,2.84
708,MJ Suthar,1,1.0,50.0,0.0,26.5,2.52
709,Mohit Rathee,1,1.0,50.0,0.0,26.5,2.52
710,MS Bhandage,1,1.0,25.0,0.0,14.0,2.44
711,Abdur Razzak,1,0.0,0.0,0.0,0.0,1.96
712,R Sanjay Yadav,1,0.0,0.0,0.0,0.0,1.96
713,LG Pretorius,1,0.0,0.0,0.0,0.0,1.96
714,Musheer Khan,1,0.0,0.0,0.0,0.0,1.96
715,KS Rathore,1,0.0,0.0,0.0,0.0,1.96
716,RR Bhatkal,1,0.0,0.0,0.0,0.0,1.96
717,MJ Owen,1,0.0,0.0,0.0,0.0,1.96
718,JL Denly,1,0.0,0.0,0.0,0.0,1.96
719,Sunny Gupta,1,0.0,0.0,0.0,0.0,1.96
720,U Kaul,1,0.0,0.0,0.0,0.0,1.96
